year,phase_id,phase_name,match_id,teams,date,local_time,gmt_time,results,description_url,press_conference_url,dir_id,p3_url,p2_url
2014,1,Pool A,1,BRA-ITA,23/05/2014,14:45,17:45,1-3,http://www.fivb.org/EN/volleyball/competitions/WorldLeague/2014/viewMatchInfo.asp?Category=2&MatchNo=1&No=45862,http://www.fivb.org/EN/volleyball/competitions/WorldLeague/2014/viewMatchInfo.asp?Category=3&MatchNo=1&No=45866,WL2014-1,http://www.fivb.org/vis_web/volley/WL2014-1/pdf/P3-001.pdf,http://www.fivb.org/vis_web/volley/WL2014-1/pdf/P2-001.pdf
2014,1,Pool A,2,BRA-ITA,24/05/2014,10:10,13:10,1-3,http://www.fivb.org/EN/volleyball/competitions/WorldLeague/2014/viewMatchInfo.asp?Category=2&MatchNo=2&No=45882,http://www.fivb.org/EN/volleyball/competitions/WorldLeague/2014/viewMatchInfo.asp?Category=3&MatchNo=2&No=45883,WL2014-1,http://www.fivb.org/vis_web/volley/WL2014-1/pdf/P3-002.pdf,http://www.fivb.org/vis_web/volley/WL2014-1/pdf/P2-002.pdf
2014,1,Pool A,5,BRA-POL,29/05/2014,14:45,17:45,3-0,http://www.fivb.org/EN/volleyball/competitions/WorldLeague/2014/viewMatchInfo.asp?Category=2&MatchNo=5&No=45980,http://www.fivb.org/EN/volleyball/competitions/WorldLeague/2014/viewMatchInfo.asp?Category=3&MatchNo=5&No=45983,WL2014-1,http://www.fivb.org/vis_web/volley/WL2014-1/pdf/P3-005.pdf,http://www.fivb.org/vis_web/volley/WL2014-1/pdf/P2-005.pdf
2014,1,Pool A,6,BRA-POL,30/05/2014,14:45,17:45,0-3,http://www.fivb.org/EN/volleyball/competitions/WorldLeague/2014/viewMatchInfo.asp?Category=2&MatchNo=6&No=45998,http://www.fivb.org/EN/volleyball/competitions/WorldLeague/2014/viewMatchInfo.asp?Category=3&MatchNo=6&No=45999,WL2014-1,http://www.fivb.org/vis_web/volley/WL2014-1/pdf/P3-006.pdf,http://www.fivb.org/vis_web/volley/WL2014-1/pdf/P2-006.pdf
2014,1,Pool A,8,ITA-IRI,30/05/2014,20:30,18:30,3-0,http://www.fivb.org/EN/volleyball/competitions/WorldLeague/2014/viewMatchInfo.asp?Category=2&MatchNo=8&No=46000,http://www.fivb.org/EN/volleyball/competitions/WorldLeague/2014/viewMatchInfo.asp?Category=3&MatchNo=8&No=46002,WL2014-1,http://www.fivb.org/vis_web/volley/WL2014-1/pdf/P3-008.pdf,http://www.fivb.org/vis_web/volley/WL2014-1/pdf/P2-008.pdf
2014,1,Pool A,9,ITA-IRI,01/06/2014,20:00,18:00,3-0,http://www.fivb.org/EN/volleyball/competitions/WorldLeague/2014/viewMatchInfo.asp?Category=2&MatchNo=9&No=46055,http://www.fivb.org/EN/volleyball/competitions/WorldLeague/2014/viewMatchInfo.asp?Category=3&MatchNo=9&No=46056,WL2014-1,http://www.fivb.org/vis_web/volley/WL2014-1/pdf/P3-009.pdf,http://www.fivb.org/vis_web/volley/WL2014-1/pdf/P2-009.pdf
2014,1,Pool A,11,BRA-IRI,06/06/2014,10:00,13:00,3-2,http://www.fivb.org/EN/volleyball/competitions/WorldLeague/2014/viewMatchInfo.asp?Category=2&MatchNo=11&No=46124,http://www.fivb.org/EN/volleyball/competitions/WorldLeague/2014/viewMatchInfo.asp?Category=3&MatchNo=11&No=46128,WL2014-1,http://www.fivb.org/vis_web/volley/WL2014-1/pdf/P3-011.pdf,http://www.fivb.org/vis_web/volley/WL2014-1/pdf/P2-011.pdf
2014,1,Pool A,12,ITA-POL,06/06/2014,20:30,18:30,3-1,http://www.fivb.org/EN/volleyball/competitions/WorldLeague/2014/viewMatchInfo.asp?Category=2&MatchNo=12&No=46133,http://www.fivb.org/EN/volleyball/competitions/WorldLeague/2014/viewMatchInfo.asp?Category=3&MatchNo=12&No=46136,WL2014-1,http://www.fivb.org/vis_web/volley/WL2014-1/pdf/P3-012.pdf,http://www.fivb.org/vis_web/volley/WL2014-1/pdf/P2-012.pdf
2014,1,Pool A,14,BRA-IRI,07/06/2014,10:00,13:00,0-3,http://www.fivb.org/EN/volleyball/competitions/WorldLeague/2014/viewMatchInfo.asp?Category=2&MatchNo=14&No=46157,http://www.fivb.org/EN/volleyball/competitions/WorldLeague/2014/viewMatchInfo.asp?Category=3&MatchNo=14&No=46159,WL2014-1,http://www.fivb.org/vis_web/volley/WL2014-1/pdf/P3-014.pdf,http://www.fivb.org/vis_web/volley/WL2014-1/pdf/P2-014.pdf
2014,1,Pool A,18,ITA-POL,08/06/2014,20:00,18:00,3-1,http://www.fivb.org/EN/volleyball/competitions/WorldLeague/2014/viewMatchInfo.asp?Category=2&MatchNo=18&No=46194,http://www.fivb.org/EN/volleyball/competitions/WorldLeague/2014/viewMatchInfo.asp?Category=3&MatchNo=18&No=46196,WL2014-1,http://www.fivb.org/vis_web/volley/WL2014-1/pdf/P3-018.pdf,http://www.fivb.org/vis_web/volley/WL2014-1/pdf/P2-018.pdf
2014,1,Pool A,19,IRI-BRA,13/06/2014,21:00,16:30,3-2,http://www.fivb.org/EN/volleyball/competitions/WorldLeague/2014/viewMatchInfo.asp?Category=2&MatchNo=19&No=46513,http://www.fivb.org/EN/volleyball/competitions/WorldLeague/2014/viewMatchInfo.asp?Category=3&MatchNo=19&No=46513,WL2014-1,http://www.fivb.org/vis_web/volley/WL2014-1/pdf/P3-019.pdf,http://www.fivb.org/vis_web/volley/WL2014-1/pdf/P2-019.pdf
2014,1,Pool A,21,POL-ITA,13/06/2014,19:30,17:30,3-2,http://www.fivb.org/EN/volleyball/competitions/WorldLeague/2014/viewMatchInfo.asp?Category=2&MatchNo=21&No=46497,http://www.fivb.org/EN/volleyball/competitions/WorldLeague/2014/viewMatchInfo.asp?Category=3&MatchNo=21&No=46501,WL2014-1,http://www.fivb.org/vis_web/volley/WL2014-1/pdf/P3-021.pdf,http://www.fivb.org/vis_web/volley/WL2014-1/pdf/P2-021.pdf
2014,1,Pool A,25,IRI-BRA,15/06/2014,21:00,16:30,2-3,http://www.fivb.org/EN/volleyball/competitions/WorldLeague/2014/viewMatchInfo.asp?Category=2&MatchNo=25&No=46584,http://www.fivb.org/EN/volleyball/competitions/WorldLeague/2014/viewMatchInfo.asp?Category=3&MatchNo=25&No=46588,WL2014-1,http://www.fivb.org/vis_web/volley/WL2014-1/pdf/P3-025.pdf,http://www.fivb.org/vis_web/volley/WL2014-1/pdf/P2-025.pdf
2014,1,Pool A,26,POL-ITA,15/06/2014,19:30,17:30,3-1,http://www.fivb.org/EN/volleyball/competitions/WorldLeague/2014/viewMatchInfo.asp?Category=2&MatchNo=26&No=46585,http://www.fivb.org/EN/volleyball/competitions/WorldLeague/2014/viewMatchInfo.asp?Category=3&MatchNo=26&No=46587,WL2014-1,http://www.fivb.org/vis_web/volley/WL2014-1/pdf/P3-026.pdf,http://www.fivb.org/vis_web/volley/WL2014-1/pdf/P2-026.pdf
2014,1,Pool A,28,IRI-ITA,20/06/2014,18:30,14:00,3-0,http://www.fivb.org/EN/volleyball/competitions/WorldLeague/2014/viewMatchInfo.asp?Category=2&MatchNo=28&No=46791,http://www.fivb.org/EN/volleyball/competitions/WorldLeague/2014/viewMatchInfo.asp?Category=3&MatchNo=28&No=46794,WL2014-1,http://www.fivb.org/vis_web/volley/WL2014-1/pdf/P3-028.pdf,http://www.fivb.org/vis_web/volley/WL2014-1/pdf/P2-028.pdf
2014,1,Pool A,29,POL-BRA,20/06/2014,19:30,17:30,3-1,http://www.fivb.org/EN/volleyball/competitions/WorldLeague/2014/viewMatchInfo.asp?Category=2&MatchNo=29&No=46797,http://www.fivb.org/EN/volleyball/competitions/WorldLeague/2014/viewMatchInfo.asp?Category=3&MatchNo=29&No=46802,WL2014-1,http://www.fivb.org/vis_web/volley/WL2014-1/pdf/P3-029.pdf,http://www.fivb.org/vis_web/volley/WL2014-1/pdf/P2-029.pdf
2014,1,Pool A,33,IRI-ITA,22/06/2014,18:30,14:00,3-1,http://www.fivb.org/EN/volleyball/competitions/WorldLeague/2014/viewMatchInfo.asp?Category=2&MatchNo=33&No=46847,http://www.fivb.org/EN/volleyball/competitions/WorldLeague/2014/viewMatchInfo.asp?Category=3&MatchNo=33&No=46848,WL2014-1,http://www.fivb.org/vis_web/volley/WL2014-1/pdf/P3-033.pdf,http://www.fivb.org/vis_web/volley/WL2014-1/pdf/P2-033.pdf
2014,1,Pool A,34,POL-BRA,22/06/2014,19:30,17:30,0-3,http://www.fivb.org/EN/volleyball/competitions/WorldLeague/2014/viewMatchInfo.asp?Category=2&MatchNo=34&No=46852,http://www.fivb.org/EN/volleyball/competitions/WorldLeague/2014/viewMatchInfo.asp?Category=3&MatchNo=34&No=46853,WL2014-1,http://www.fivb.org/vis_web/volley/WL2014-1/pdf/P3-034.pdf,http://www.fivb.org/vis_web/volley/WL2014-1/pdf/P2-034.pdf
2014,1,Pool A,36,IRI-POL,27/06/2014,21:00,16:30,3-1,http://www.fivb.org/EN/volleyball/competitions/WorldLeague/2014/viewMatchInfo.asp?Category=2&MatchNo=36&No=46925,http://www.fivb.org/EN/volleyball/competitions/WorldLeague/2014/viewMatchInfo.asp?Category=3&MatchNo=36&No=46930,WL2014-1,http://www.fivb.org/vis_web/volley/WL2014-1/pdf/P3-036.pdf,http://www.fivb.org/vis_web/volley/WL2014-1/pdf/P2-036.pdf
2014,1,Pool A,39,IRI-POL,29/06/2014,21:00,16:30,3-0,http://www.fivb.org/EN/volleyball/competitions/WorldLeague/2014/viewMatchInfo.asp?Category=2&MatchNo=39&No=46991,http://www.fivb.org/EN/volleyball/competitions/WorldLeague/2014/viewMatchInfo.asp?Category=3&MatchNo=39&No=46994,WL2014-1,http://www.fivb.org/vis_web/volley/WL2014-1/pdf/P3-039.pdf,http://www.fivb.org/vis_web/volley/WL2014-1/pdf/P2-039.pdf
2014,1,Pool A,41,ITA-BRA,03/07/2014,20:00,18:00,1-3,http://www.fivb.org/EN/volleyball/competitions/WorldLeague/2014/viewMatchInfo.asp?Category=2&MatchNo=41&No=47063,http://www.fivb.org/EN/volleyball/competitions/WorldLeague/2014/viewMatchInfo.asp?Category=3&MatchNo=41&No=47064,WL2014-1,http://www.fivb.org/vis_web/volley/WL2014-1/pdf/P3-041.pdf,http://www.fivb.org/vis_web/volley/WL2014-1/pdf/P2-041.pdf
2014,1,Pool A,43,POL-IRI,04/07/2014,20:15,18:15,3-1,http://www.fivb.org/EN/volleyball/competitions/WorldLeague/2014/viewMatchInfo.asp?Category=2&MatchNo=43&No=47076,http://www.fivb.org/EN/volleyball/competitions/WorldLeague/2014/viewMatchInfo.asp?Category=3&MatchNo=43&No=47079,WL2014-1,http://www.fivb.org/vis_web/volley/WL2014-1/pdf/P3-043.pdf,http://www.fivb.org/vis_web/volley/WL2014-1/pdf/P2-043.pdf
2014,1,Pool A,45,POL-IRI,05/07/2014,20:15,18:15,3-0,http://www.fivb.org/EN/volleyball/competitions/WorldLeague/2014/viewMatchInfo.asp?Category=2&MatchNo=45&No=47092,http://www.fivb.org/EN/volleyball/competitions/WorldLeague/2014/viewMatchInfo.asp?Category=3&MatchNo=45&No=47096,WL2014-1,http://www.fivb.org/vis_web/volley/WL2014-1/pdf/P3-045.pdf,http://www.fivb.org/vis_web/volley/WL2014-1/pdf/P2-045.pdf
2014,1,Pool A,46,ITA-BRA,06/07/2014,17:00,15:00,1-3,http://www.fivb.org/EN/volleyball/competitions/WorldLeague/2014/viewMatchInfo.asp?Category=2&MatchNo=46&No=47109,http://www.fivb.org/EN/volleyball/competitions/WorldLeague/2014/viewMatchInfo.asp?Category=3&MatchNo=46&No=47110,WL2014-1,http://www.fivb.org/vis_web/volley/WL2014-1/pdf/P3-046.pdf,http://www.fivb.org/vis_web/volley/WL2014-1/pdf/P2-046.pdf
2014,2,Pool B,3,BUL-USA,23/05/2014,20:30,17:30,2-3,http://www.fivb.org/EN/volleyball/competitions/WorldLeague/2014/viewMatchInfo.asp?Category=2&MatchNo=3&No=45864,http://www.fivb.org/EN/volleyball/competitions/WorldLeague/2014/viewMatchInfo.asp?Category=3&MatchNo=3&No=45868,WL2014-1,http://www.fivb.org/vis_web/volley/WL2014-1/pdf/P3-003.pdf,http://www.fivb.org/vis_web/volley/WL2014-1/pdf/P2-003.pdf
2014,2,Pool B,4,BUL-USA,24/05/2014,20:00,17:00,1-3,http://www.fivb.org/EN/volleyball/competitions/WorldLeague/2014/viewMatchInfo.asp?Category=2&MatchNo=4&No=45886,http://www.fivb.org/EN/volleyball/competitions/WorldLeague/2014/viewMatchInfo.asp?Category=3&MatchNo=4&No=45888,WL2014-1,http://www.fivb.org/vis_web/volley/WL2014-1/pdf/P3-004.pdf,http://www.fivb.org/vis_web/volley/WL2014-1/pdf/P2-004.pdf
2014,2,Pool B,7,SRB-RUS,30/05/2014,20:00,18:00,3-2,http://www.fivb.org/EN/volleyball/competitions/WorldLeague/2014/viewMatchInfo.asp?Category=2&MatchNo=7&No=46003,http://www.fivb.org/EN/volleyball/competitions/WorldLeague/2014/viewMatchInfo.asp?Category=3&MatchNo=7&No=46004,WL2014-1,http://www.fivb.org/vis_web/volley/WL2014-1/pdf/P3-007.pdf,http://www.fivb.org/vis_web/volley/WL2014-1/pdf/P2-007.pdf
2014,2,Pool B,10,SRB-RUS,31/05/2014,20:00,18:00,3-1,http://www.fivb.org/EN/volleyball/competitions/WorldLeague/2014/viewMatchInfo.asp?Category=2&MatchNo=10&No=46029,http://www.fivb.org/EN/volleyball/competitions/WorldLeague/2014/viewMatchInfo.asp?Category=3&MatchNo=10&No=46030,WL2014-1,http://www.fivb.org/vis_web/volley/WL2014-1/pdf/P3-010.pdf,http://www.fivb.org/vis_web/volley/WL2014-1/pdf/P2-010.pdf
2014,2,Pool B,13,USA-RUS,06/06/2014,19:00,02:00,3-2,http://www.fivb.org/EN/volleyball/competitions/WorldLeague/2014/viewMatchInfo.asp?Category=2&MatchNo=13&No=46148,http://www.fivb.org/EN/volleyball/competitions/WorldLeague/2014/viewMatchInfo.asp?Category=3&MatchNo=13&No=46151,WL2014-1,http://www.fivb.org/vis_web/volley/WL2014-1/pdf/P3-013.pdf,http://www.fivb.org/vis_web/volley/WL2014-1/pdf/P2-013.pdf
2014,2,Pool B,15,BUL-SRB,07/06/2014,20:10,17:00,0-3,http://www.fivb.org/EN/volleyball/competitions/WorldLeague/2014/viewMatchInfo.asp?Category=2&MatchNo=15&No=46164,http://www.fivb.org/EN/volleyball/competitions/WorldLeague/2014/viewMatchInfo.asp?Category=3&MatchNo=15&No=46167,WL2014-1,http://www.fivb.org/vis_web/volley/WL2014-1/pdf/P3-015.pdf,http://www.fivb.org/vis_web/volley/WL2014-1/pdf/P2-015.pdf
2014,2,Pool B,16,USA-RUS,07/06/2014,19:10,02:00,3-0,http://www.fivb.org/EN/volleyball/competitions/WorldLeague/2014/viewMatchInfo.asp?Category=2&MatchNo=16&No=46182,http://www.fivb.org/EN/volleyball/competitions/WorldLeague/2014/viewMatchInfo.asp?Category=3&MatchNo=16&No=46183,WL2014-1,http://www.fivb.org/vis_web/volley/WL2014-1/pdf/P3-016.pdf,http://www.fivb.org/vis_web/volley/WL2014-1/pdf/P2-016.pdf
2014,2,Pool B,17,BUL-SRB,08/06/2014,20:10,17:00,2-3,http://www.fivb.org/EN/volleyball/competitions/WorldLeague/2014/viewMatchInfo.asp?Category=2&MatchNo=17&No=46191,http://www.fivb.org/EN/volleyball/competitions/WorldLeague/2014/viewMatchInfo.asp?Category=3&MatchNo=17&No=46195,WL2014-1,http://www.fivb.org/vis_web/volley/WL2014-1/pdf/P3-017.pdf,http://www.fivb.org/vis_web/volley/WL2014-1/pdf/P2-017.pdf
2014,2,Pool B,20,USA-SRB,13/06/2014,19:00,00:00,3-0,http://www.fivb.org/EN/volleyball/competitions/WorldLeague/2014/viewMatchInfo.asp?Category=2&MatchNo=20&No=46514,http://www.fivb.org/EN/volleyball/competitions/WorldLeague/2014/viewMatchInfo.asp?Category=3&MatchNo=20&No=46515,WL2014-1,http://www.fivb.org/vis_web/volley/WL2014-1/pdf/P3-020.pdf,http://www.fivb.org/vis_web/volley/WL2014-1/pdf/P2-020.pdf
2014,2,Pool B,22,RUS-BUL,14/06/2014,18:00,12:00,3-0,http://www.fivb.org/EN/volleyball/competitions/WorldLeague/2014/viewMatchInfo.asp?Category=2&MatchNo=22&No=46526,http://www.fivb.org/EN/volleyball/competitions/WorldLeague/2014/viewMatchInfo.asp?Category=3&MatchNo=22&No=46528,WL2014-1,http://www.fivb.org/vis_web/volley/WL2014-1/pdf/P3-022.pdf,http://www.fivb.org/vis_web/volley/WL2014-1/pdf/P2-022.pdf
2014,2,Pool B,23,USA-SRB,14/06/2014,19:00,00:00,3-2,http://www.fivb.org/EN/volleyball/competitions/WorldLeague/2014/viewMatchInfo.asp?Category=2&MatchNo=23&No=46547,http://www.fivb.org/EN/volleyball/competitions/WorldLeague/2014/viewMatchInfo.asp?Category=3&MatchNo=23&No=46549,WL2014-1,http://www.fivb.org/vis_web/volley/WL2014-1/pdf/P3-023.pdf,http://www.fivb.org/vis_web/volley/WL2014-1/pdf/P2-023.pdf
2014,2,Pool B,24,RUS-BUL,15/06/2014,18:00,12:00,3-0,http://www.fivb.org/EN/volleyball/competitions/WorldLeague/2014/viewMatchInfo.asp?Category=2&MatchNo=24&No=46561,http://www.fivb.org/EN/volleyball/competitions/WorldLeague/2014/viewMatchInfo.asp?Category=3&MatchNo=24&No=46563,WL2014-1,http://www.fivb.org/vis_web/volley/WL2014-1/pdf/P3-024.pdf,http://www.fivb.org/vis_web/volley/WL2014-1/pdf/P2-024.pdf
2014,2,Pool B,27,RUS-SRB,20/06/2014,18:00,12:00,3-0,http://www.fivb.org/EN/volleyball/competitions/WorldLeague/2014/viewMatchInfo.asp?Category=2&MatchNo=27&No=46787,http://www.fivb.org/EN/volleyball/competitions/WorldLeague/2014/viewMatchInfo.asp?Category=3&MatchNo=27&No=46788,WL2014-1,http://www.fivb.org/vis_web/volley/WL2014-1/pdf/P3-027.pdf,http://www.fivb.org/vis_web/volley/WL2014-1/pdf/P2-027.pdf
2014,2,Pool B,30,USA-BUL,20/06/2014,19:00,00:00,3-1,http://www.fivb.org/EN/volleyball/competitions/WorldLeague/2014/viewMatchInfo.asp?Category=2&MatchNo=30&No=46807,http://www.fivb.org/EN/volleyball/competitions/WorldLeague/2014/viewMatchInfo.asp?Category=3&MatchNo=30&No=46809,WL2014-1,http://www.fivb.org/vis_web/volley/WL2014-1/pdf/P3-030.pdf,http://www.fivb.org/vis_web/volley/WL2014-1/pdf/P2-030.pdf
2014,2,Pool B,31,RUS-SRB,21/06/2014,18:00,12:00,3-0,http://www.fivb.org/EN/volleyball/competitions/WorldLeague/2014/viewMatchInfo.asp?Category=2&MatchNo=31&No=46820,http://www.fivb.org/EN/volleyball/competitions/WorldLeague/2014/viewMatchInfo.asp?Category=3&MatchNo=31&No=46822,WL2014-1,http://www.fivb.org/vis_web/volley/WL2014-1/pdf/P3-031.pdf,http://www.fivb.org/vis_web/volley/WL2014-1/pdf/P2-031.pdf
2014,2,Pool B,32,USA-BUL,21/06/2014,19:00,00:00,2-3,http://www.fivb.org/EN/volleyball/competitions/WorldLeague/2014/viewMatchInfo.asp?Category=2&MatchNo=32&No=46831,http://www.fivb.org/EN/volleyball/competitions/WorldLeague/2014/viewMatchInfo.asp?Category=3&MatchNo=32&No=46832,WL2014-1,http://www.fivb.org/vis_web/volley/WL2014-1/pdf/P3-032.pdf,http://www.fivb.org/vis_web/volley/WL2014-1/pdf/P2-032.pdf
2014,2,Pool B,35,RUS-USA,27/06/2014,18:00,15:00,2-3,http://www.fivb.org/EN/volleyball/competitions/WorldLeague/2014/viewMatchInfo.asp?Category=2&MatchNo=35&No=46927,http://www.fivb.org/EN/volleyball/competitions/WorldLeague/2014/viewMatchInfo.asp?Category=3&MatchNo=35&No=46929,WL2014-1,http://www.fivb.org/vis_web/volley/WL2014-1/pdf/P3-035.pdf,http://www.fivb.org/vis_web/volley/WL2014-1/pdf/P2-035.pdf
2014,2,Pool B,37,SRB-BUL,27/06/2014,20:00,18:00,3-0,http://www.fivb.org/EN/volleyball/competitions/WorldLeague/2014/viewMatchInfo.asp?Category=2&MatchNo=37&No=46935,http://www.fivb.org/EN/volleyball/competitions/WorldLeague/2014/viewMatchInfo.asp?Category=3&MatchNo=37&No=46937,WL2014-1,http://www.fivb.org/vis_web/volley/WL2014-1/pdf/P3-037.pdf,http://www.fivb.org/vis_web/volley/WL2014-1/pdf/P2-037.pdf
2014,2,Pool B,38,RUS-USA,28/06/2014,18:00,15:00,3-0,http://www.fivb.org/EN/volleyball/competitions/WorldLeague/2014/viewMatchInfo.asp?Category=2&MatchNo=38&No=46969,http://www.fivb.org/EN/volleyball/competitions/WorldLeague/2014/viewMatchInfo.asp?Category=3&MatchNo=38&No=46970,WL2014-1,http://www.fivb.org/vis_web/volley/WL2014-1/pdf/P3-038.pdf,http://www.fivb.org/vis_web/volley/WL2014-1/pdf/P2-038.pdf
2014,2,Pool B,40,SRB-BUL,29/06/2014,20:00,18:00,3-0,http://www.fivb.org/EN/volleyball/competitions/WorldLeague/2014/viewMatchInfo.asp?Category=2&MatchNo=40&No=46995,http://www.fivb.org/EN/volleyball/competitions/WorldLeague/2014/viewMatchInfo.asp?Category=3&MatchNo=40&No=46996,WL2014-1,http://www.fivb.org/vis_web/volley/WL2014-1/pdf/P3-040.pdf,http://www.fivb.org/vis_web/volley/WL2014-1/pdf/P2-040.pdf
2014,2,Pool B,42,SRB-USA,04/07/2014,20:00,18:00,3-0,http://www.fivb.org/EN/volleyball/competitions/WorldLeague/2014/viewMatchInfo.asp?Category=2&MatchNo=42&No=47075,http://www.fivb.org/EN/volleyball/competitions/WorldLeague/2014/viewMatchInfo.asp?Category=3&MatchNo=42&No=47077,WL2014-1,http://www.fivb.org/vis_web/volley/WL2014-1/pdf/P3-042.pdf,http://www.fivb.org/vis_web/volley/WL2014-1/pdf/P2-042.pdf
2014,2,Pool B,44,BUL-RUS,05/07/2014,20:00,17:00,1-3,http://www.fivb.org/EN/volleyball/competitions/WorldLeague/2014/viewMatchInfo.asp?Category=2&MatchNo=44&No=47090,http://www.fivb.org/EN/volleyball/competitions/WorldLeague/2014/viewMatchInfo.asp?Category=3&MatchNo=44&No=47093,WL2014-1,http://www.fivb.org/vis_web/volley/WL2014-1/pdf/P3-044.pdf,http://www.fivb.org/vis_web/volley/WL2014-1/pdf/P2-044.pdf
2014,2,Pool B,47,BUL-RUS,06/07/2014,20:00,17:00,0-3,http://www.fivb.org/EN/volleyball/competitions/WorldLeague/2014/viewMatchInfo.asp?Category=2&MatchNo=47&No=47112,http://www.fivb.org/EN/volleyball/competitions/WorldLeague/2014/viewMatchInfo.asp?Category=3&MatchNo=47&No=47114,WL2014-1,http://www.fivb.org/vis_web/volley/WL2014-1/pdf/P3-047.pdf,http://www.fivb.org/vis_web/volley/WL2014-1/pdf/P2-047.pdf
2014,2,Pool B,48,SRB-USA,06/07/2014,20:00,18:00,1-3,http://www.fivb.org/EN/volleyball/competitions/WorldLeague/2014/viewMatchInfo.asp?Category=2&MatchNo=48&No=47115,http://www.fivb.org/EN/volleyball/competitions/WorldLeague/2014/viewMatchInfo.asp?Category=3&MatchNo=48&No=47116,WL2014-1,http://www.fivb.org/vis_web/volley/WL2014-1/pdf/P3-048.pdf,http://www.fivb.org/vis_web/volley/WL2014-1/pdf/P2-048.pdf
2014,3,Pool C,1,BEL-AUS,23/05/2014,20:10,18:00,3-0,http://www.fivb.org/EN/volleyball/competitions/WorldLeague/2014/viewMatchInfo.asp?Category=2&MatchNo=1&No=45865,http://www.fivb.org/EN/volleyball/competitions/WorldLeague/2014/viewMatchInfo.asp?Category=3&MatchNo=1&No=45867,WL2014-2,http://www.fivb.org/vis_web/volley/WL2014-2/pdf/P3-001.pdf,http://www.fivb.org/vis_web/volley/WL2014-2/pdf/P2-001.pdf
2014,3,Pool C,5,BEL-AUS,25/05/2014,16:10,14:00,3-1,http://www.fivb.org/EN/volleyball/competitions/WorldLeague/2014/viewMatchInfo.asp?Category=2&MatchNo=5&No=45902,http://www.fivb.org/EN/volleyball/competitions/WorldLeague/2014/viewMatchInfo.asp?Category=3&MatchNo=5&No=45905,WL2014-2,http://www.fivb.org/vis_web/volley/WL2014-2/pdf/P3-005.pdf,http://www.fivb.org/vis_web/volley/WL2014-2/pdf/P2-005.pdf
2014,3,Pool C,11,CAN-FIN,31/05/2014,18:12,00:00,3-0,http://www.fivb.org/EN/volleyball/competitions/WorldLeague/2014/viewMatchInfo.asp?Category=2&MatchNo=11&No=46034,http://www.fivb.org/EN/volleyball/competitions/WorldLeague/2014/viewMatchInfo.asp?Category=3&MatchNo=11&No=46036,WL2014-2,http://www.fivb.org/vis_web/volley/WL2014-2/pdf/P3-011.pdf,http://www.fivb.org/vis_web/volley/WL2014-2/pdf/P2-011.pdf
2014,3,Pool C,15,CAN-FIN,01/06/2014,18:10,00:00,3-2,http://www.fivb.org/EN/volleyball/competitions/WorldLeague/2014/viewMatchInfo.asp?Category=2&MatchNo=15&No=46059,http://www.fivb.org/EN/volleyball/competitions/WorldLeague/2014/viewMatchInfo.asp?Category=3&MatchNo=15&No=46060,WL2014-2,http://www.fivb.org/vis_web/volley/WL2014-2/pdf/P3-015.pdf,http://www.fivb.org/vis_web/volley/WL2014-2/pdf/P2-015.pdf
2014,3,Pool C,19,BEL-CAN,06/06/2014,20:00,18:00,2-3,http://www.fivb.org/EN/volleyball/competitions/WorldLeague/2014/viewMatchInfo.asp?Category=2&MatchNo=19&No=46131,http://www.fivb.org/EN/volleyball/competitions/WorldLeague/2014/viewMatchInfo.asp?Category=3&MatchNo=19&No=46135,WL2014-2,http://www.fivb.org/vis_web/volley/WL2014-2/pdf/P3-019.pdf,http://www.fivb.org/vis_web/volley/WL2014-2/pdf/P2-019.pdf
2014,3,Pool C,22,AUS-FIN,07/06/2014,19:10,09:00,3-2,http://www.fivb.org/EN/volleyball/competitions/WorldLeague/2014/viewMatchInfo.asp?Category=2&MatchNo=22&No=46154,http://www.fivb.org/EN/volleyball/competitions/WorldLeague/2014/viewMatchInfo.asp?Category=3&MatchNo=22&No=46155,WL2014-2,http://www.fivb.org/vis_web/volley/WL2014-2/pdf/P3-022.pdf,http://www.fivb.org/vis_web/volley/WL2014-2/pdf/P2-022.pdf
2014,3,Pool C,25,AUS-FIN,08/06/2014,16:10,06:00,2-3,http://www.fivb.org/EN/volleyball/competitions/WorldLeague/2014/viewMatchInfo.asp?Category=2&MatchNo=25&No=46185,http://www.fivb.org/EN/volleyball/competitions/WorldLeague/2014/viewMatchInfo.asp?Category=3&MatchNo=25&No=46186,WL2014-2,http://www.fivb.org/vis_web/volley/WL2014-2/pdf/P3-025.pdf,http://www.fivb.org/vis_web/volley/WL2014-2/pdf/P2-025.pdf
2014,3,Pool C,27,BEL-CAN,08/06/2014,16:00,14:00,3-1,http://www.fivb.org/EN/volleyball/competitions/WorldLeague/2014/viewMatchInfo.asp?Category=2&MatchNo=27&No=46189,http://www.fivb.org/EN/volleyball/competitions/WorldLeague/2014/viewMatchInfo.asp?Category=3&MatchNo=27&No=46199,WL2014-2,http://www.fivb.org/vis_web/volley/WL2014-2/pdf/P3-027.pdf,http://www.fivb.org/vis_web/volley/WL2014-2/pdf/P2-027.pdf
2014,3,Pool C,31,CAN-BEL,13/06/2014,19:10,02:00,3-0,http://www.fivb.org/EN/volleyball/competitions/WorldLeague/2014/viewMatchInfo.asp?Category=2&MatchNo=31&No=46518,http://www.fivb.org/EN/volleyball/competitions/WorldLeague/2014/viewMatchInfo.asp?Category=3&MatchNo=31&No=46519,WL2014-2,http://www.fivb.org/vis_web/volley/WL2014-2/pdf/P3-031.pdf,http://www.fivb.org/vis_web/volley/WL2014-2/pdf/P2-031.pdf
2014,3,Pool C,34,FIN-AUS,14/06/2014,16:00,13:00,1-3,http://www.fivb.org/EN/volleyball/competitions/WorldLeague/2014/viewMatchInfo.asp?Category=2&MatchNo=34&No=46530,http://www.fivb.org/EN/volleyball/competitions/WorldLeague/2014/viewMatchInfo.asp?Category=3&MatchNo=34&No=46532,WL2014-2,http://www.fivb.org/vis_web/volley/WL2014-2/pdf/P3-034.pdf,http://www.fivb.org/vis_web/volley/WL2014-2/pdf/P2-034.pdf
2014,3,Pool C,36,CAN-BEL,14/06/2014,17:10,00:00,1-3,http://www.fivb.org/EN/volleyball/competitions/WorldLeague/2014/viewMatchInfo.asp?Category=2&MatchNo=36&No=46546,http://www.fivb.org/EN/volleyball/competitions/WorldLeague/2014/viewMatchInfo.asp?Category=3&MatchNo=36&No=46545,WL2014-2,http://www.fivb.org/vis_web/volley/WL2014-2/pdf/P3-036.pdf,http://www.fivb.org/vis_web/volley/WL2014-2/pdf/P2-036.pdf
2014,3,Pool C,39,FIN-AUS,15/06/2014,16:00,13:00,3-1,http://www.fivb.org/EN/volleyball/competitions/WorldLeague/2014/viewMatchInfo.asp?Category=2&MatchNo=39&No=46566,http://www.fivb.org/EN/volleyball/competitions/WorldLeague/2014/viewMatchInfo.asp?Category=3&MatchNo=39&No=46567,WL2014-2,http://www.fivb.org/vis_web/volley/WL2014-2/pdf/P3-039.pdf,http://www.fivb.org/vis_web/volley/WL2014-2/pdf/P2-039.pdf
2014,3,Pool C,41,BEL-FIN,20/06/2014,20:00,18:00,3-1,http://www.fivb.org/EN/volleyball/competitions/WorldLeague/2014/viewMatchInfo.asp?Category=2&MatchNo=41&No=46801,http://www.fivb.org/EN/volleyball/competitions/WorldLeague/2014/viewMatchInfo.asp?Category=3&MatchNo=41&No=46803,WL2014-2,http://www.fivb.org/vis_web/volley/WL2014-2/pdf/P3-041.pdf,http://www.fivb.org/vis_web/volley/WL2014-2/pdf/P2-041.pdf
2014,3,Pool C,43,CAN-AUS,20/06/2014,19:10,01:00,2-3,http://www.fivb.org/EN/volleyball/competitions/WorldLeague/2014/viewMatchInfo.asp?Category=2&MatchNo=43&No=46810,http://www.fivb.org/EN/volleyball/competitions/WorldLeague/2014/viewMatchInfo.asp?Category=3&MatchNo=43&No=46811,WL2014-2,http://www.fivb.org/vis_web/volley/WL2014-2/pdf/P3-043.pdf,http://www.fivb.org/vis_web/volley/WL2014-2/pdf/P2-043.pdf
2014,3,Pool C,48,CAN-AUS,21/06/2014,19:10,01:00,3-1,http://www.fivb.org/EN/volleyball/competitions/WorldLeague/2014/viewMatchInfo.asp?Category=2&MatchNo=48&No=46833,http://www.fivb.org/EN/volleyball/competitions/WorldLeague/2014/viewMatchInfo.asp?Category=3&MatchNo=48&No=46834,WL2014-2,http://www.fivb.org/vis_web/volley/WL2014-2/pdf/P3-048.pdf,http://www.fivb.org/vis_web/volley/WL2014-2/pdf/P2-048.pdf
2014,3,Pool C,51,BEL-FIN,22/06/2014,16:00,14:00,2-3,http://www.fivb.org/EN/volleyball/competitions/WorldLeague/2014/viewMatchInfo.asp?Category=2&MatchNo=51&No=46843,http://www.fivb.org/EN/volleyball/competitions/WorldLeague/2014/viewMatchInfo.asp?Category=3&MatchNo=51&No=46846,WL2014-2,http://www.fivb.org/vis_web/volley/WL2014-2/pdf/P3-051.pdf,http://www.fivb.org/vis_web/volley/WL2014-2/pdf/P2-051.pdf
2014,3,Pool C,53,AUS-BEL,27/06/2014,19:30,10:00,1-3,http://www.fivb.org/EN/volleyball/competitions/WorldLeague/2014/viewMatchInfo.asp?Category=2&MatchNo=53&No=46910,http://www.fivb.org/EN/volleyball/competitions/WorldLeague/2014/viewMatchInfo.asp?Category=3&MatchNo=53&No=46944,WL2014-2,http://www.fivb.org/vis_web/volley/WL2014-2/pdf/P3-053.pdf,http://www.fivb.org/vis_web/volley/WL2014-2/pdf/P2-053.pdf
2014,3,Pool C,54,FIN-CAN,27/06/2014,18:30,15:30,3-0,http://www.fivb.org/EN/volleyball/competitions/WorldLeague/2014/viewMatchInfo.asp?Category=2&MatchNo=54&No=46919,http://www.fivb.org/EN/volleyball/competitions/WorldLeague/2014/viewMatchInfo.asp?Category=3&MatchNo=54&No=46920,WL2014-2,http://www.fivb.org/vis_web/volley/WL2014-2/pdf/P3-054.pdf,http://www.fivb.org/vis_web/volley/WL2014-2/pdf/P2-054.pdf
2014,3,Pool C,58,AUS-BEL,28/06/2014,19:40,10:00,0-3,http://www.fivb.org/EN/volleyball/competitions/WorldLeague/2014/viewMatchInfo.asp?Category=2&MatchNo=58&No=46952,http://www.fivb.org/EN/volleyball/competitions/WorldLeague/2014/viewMatchInfo.asp?Category=3&MatchNo=58&No=46956,WL2014-2,http://www.fivb.org/vis_web/volley/WL2014-2/pdf/P3-058.pdf,http://www.fivb.org/vis_web/volley/WL2014-2/pdf/P2-058.pdf
2014,3,Pool C,59,FIN-CAN,28/06/2014,16:00,13:00,0-3,http://www.fivb.org/EN/volleyball/competitions/WorldLeague/2014/viewMatchInfo.asp?Category=2&MatchNo=59&No=46958,http://www.fivb.org/EN/volleyball/competitions/WorldLeague/2014/viewMatchInfo.asp?Category=3&MatchNo=59&No=46959,WL2014-2,http://www.fivb.org/vis_web/volley/WL2014-2/pdf/P3-059.pdf,http://www.fivb.org/vis_web/volley/WL2014-2/pdf/P2-059.pdf
2014,3,Pool C,65,FIN-BEL,04/07/2014,18:30,15:30,3-2,http://www.fivb.org/EN/volleyball/competitions/WorldLeague/2014/viewMatchInfo.asp?Category=2&MatchNo=65&No=47070,http://www.fivb.org/EN/volleyball/competitions/WorldLeague/2014/viewMatchInfo.asp?Category=3&MatchNo=65&No=47072,WL2014-2,http://www.fivb.org/vis_web/volley/WL2014-2/pdf/P3-065.pdf,http://www.fivb.org/vis_web/volley/WL2014-2/pdf/P2-065.pdf
2014,3,Pool C,66,AUS-CAN,05/07/2014,19:10,09:00,3-2,http://www.fivb.org/EN/volleyball/competitions/WorldLeague/2014/viewMatchInfo.asp?Category=2&MatchNo=66&No=47084,http://www.fivb.org/EN/volleyball/competitions/WorldLeague/2014/viewMatchInfo.asp?Category=3&MatchNo=66&No=47085,WL2014-2,http://www.fivb.org/vis_web/volley/WL2014-2/pdf/P3-066.pdf,http://www.fivb.org/vis_web/volley/WL2014-2/pdf/P2-066.pdf
2014,3,Pool C,67,FIN-BEL,05/07/2014,16:00,13:00,3-2,http://www.fivb.org/EN/volleyball/competitions/WorldLeague/2014/viewMatchInfo.asp?Category=2&MatchNo=67&No=47088,http://www.fivb.org/EN/volleyball/competitions/WorldLeague/2014/viewMatchInfo.asp?Category=3&MatchNo=67&No=47089,WL2014-2,http://www.fivb.org/vis_web/volley/WL2014-2/pdf/P3-067.pdf,http://www.fivb.org/vis_web/volley/WL2014-2/pdf/P2-067.pdf
2014,3,Pool C,70,AUS-CAN,06/07/2014,16:10,06:00,3-1,http://www.fivb.org/EN/volleyball/competitions/WorldLeague/2014/viewMatchInfo.asp?Category=2&MatchNo=70&No=47098,http://www.fivb.org/EN/volleyball/competitions/WorldLeague/2014/viewMatchInfo.asp?Category=3&MatchNo=70&No=47103,WL2014-2,http://www.fivb.org/vis_web/volley/WL2014-2/pdf/P3-070.pdf,http://www.fivb.org/vis_web/volley/WL2014-2/pdf/P2-070.pdf
2014,4,Pool D,2,GER-JPN,23/05/2014,20:10,18:10,3-0,http://www.fivb.org/EN/volleyball/competitions/WorldLeague/2014/viewMatchInfo.asp?Category=2&MatchNo=2&No=45863,http://www.fivb.org/EN/volleyball/competitions/WorldLeague/2014/viewMatchInfo.asp?Category=3&MatchNo=2&No=45869,WL2014-2,http://www.fivb.org/vis_web/volley/WL2014-2/pdf/P3-002.pdf,http://www.fivb.org/vis_web/volley/WL2014-2/pdf/P2-002.pdf
2014,4,Pool D,3,GER-JPN,24/05/2014,18:11,16:11,3-2,http://www.fivb.org/EN/volleyball/competitions/WorldLeague/2014/viewMatchInfo.asp?Category=2&MatchNo=3&No=45887,http://www.fivb.org/EN/volleyball/competitions/WorldLeague/2014/viewMatchInfo.asp?Category=3&MatchNo=3&No=45889,WL2014-2,http://www.fivb.org/vis_web/volley/WL2014-2/pdf/P3-003.pdf,http://www.fivb.org/vis_web/volley/WL2014-2/pdf/P2-003.pdf
2014,4,Pool D,4,ARG-FRA,24/05/2014,21:30,00:30,2-3,http://www.fivb.org/EN/volleyball/competitions/WorldLeague/2014/viewMatchInfo.asp?Category=2&MatchNo=4&No=45890,http://www.fivb.org/EN/volleyball/competitions/WorldLeague/2014/viewMatchInfo.asp?Category=3&MatchNo=4&No=45891,WL2014-2,http://www.fivb.org/vis_web/volley/WL2014-2/pdf/P3-004.pdf,http://www.fivb.org/vis_web/volley/WL2014-2/pdf/P2-004.pdf
2014,4,Pool D,6,ARG-FRA,25/05/2014,22:11,01:11,0-3,http://www.fivb.org/EN/volleyball/competitions/WorldLeague/2014/viewMatchInfo.asp?Category=2&MatchNo=6&No=45908,http://www.fivb.org/EN/volleyball/competitions/WorldLeague/2014/viewMatchInfo.asp?Category=3&MatchNo=6&No=45909,WL2014-2,http://www.fivb.org/vis_web/volley/WL2014-2/pdf/P3-006.pdf,http://www.fivb.org/vis_web/volley/WL2014-2/pdf/P2-006.pdf
2014,4,Pool D,7,FRA-JPN,31/05/2014,19:10,17:00,3-0,http://www.fivb.org/EN/volleyball/competitions/WorldLeague/2014/viewMatchInfo.asp?Category=2&MatchNo=7&No=46026,http://www.fivb.org/EN/volleyball/competitions/WorldLeague/2014/viewMatchInfo.asp?Category=3&MatchNo=7&No=46028,WL2014-2,http://www.fivb.org/vis_web/volley/WL2014-2/pdf/P3-007.pdf,http://www.fivb.org/vis_web/volley/WL2014-2/pdf/P2-007.pdf
2014,4,Pool D,10,ARG-GER,31/05/2014,20:00,23:00,3-0,http://www.fivb.org/EN/volleyball/competitions/WorldLeague/2014/viewMatchInfo.asp?Category=2&MatchNo=10&No=46033,http://www.fivb.org/EN/volleyball/competitions/WorldLeague/2014/viewMatchInfo.asp?Category=3&MatchNo=10&No=46035,WL2014-2,http://www.fivb.org/vis_web/volley/WL2014-2/pdf/P3-010.pdf,http://www.fivb.org/vis_web/volley/WL2014-2/pdf/P2-010.pdf
2014,4,Pool D,16,FRA-JPN,01/06/2014,17:00,15:00,3-0,http://www.fivb.org/EN/volleyball/competitions/WorldLeague/2014/viewMatchInfo.asp?Category=2&MatchNo=16&No=46050,http://www.fivb.org/EN/volleyball/competitions/WorldLeague/2014/viewMatchInfo.asp?Category=3&MatchNo=16&No=46054,WL2014-2,http://www.fivb.org/vis_web/volley/WL2014-2/pdf/P3-016.pdf,http://www.fivb.org/vis_web/volley/WL2014-2/pdf/P2-016.pdf
2014,4,Pool D,14,ARG-GER,01/06/2014,22:00,01:00,2-3,http://www.fivb.org/EN/volleyball/competitions/WorldLeague/2014/viewMatchInfo.asp?Category=2&MatchNo=14&No=46062,http://www.fivb.org/EN/volleyball/competitions/WorldLeague/2014/viewMatchInfo.asp?Category=3&MatchNo=14&No=46063,WL2014-2,http://www.fivb.org/vis_web/volley/WL2014-2/pdf/P3-014.pdf,http://www.fivb.org/vis_web/volley/WL2014-2/pdf/P2-014.pdf
2014,4,Pool D,20,ARG-JPN,06/06/2014,20:05,23:00,3-1,http://www.fivb.org/EN/volleyball/competitions/WorldLeague/2014/viewMatchInfo.asp?Category=2&MatchNo=20&No=46140,http://www.fivb.org/EN/volleyball/competitions/WorldLeague/2014/viewMatchInfo.asp?Category=3&MatchNo=20&No=46144,WL2014-2,http://www.fivb.org/vis_web/volley/WL2014-2/pdf/P3-020.pdf,http://www.fivb.org/vis_web/volley/WL2014-2/pdf/P2-020.pdf
2014,4,Pool D,21,GER-FRA,07/06/2014,15:40,13:30,0-3,http://www.fivb.org/EN/volleyball/competitions/WorldLeague/2014/viewMatchInfo.asp?Category=2&MatchNo=21&No=46160,http://www.fivb.org/EN/volleyball/competitions/WorldLeague/2014/viewMatchInfo.asp?Category=3&MatchNo=21&No=46162,WL2014-2,http://www.fivb.org/vis_web/volley/WL2014-2/pdf/P3-021.pdf,http://www.fivb.org/vis_web/volley/WL2014-2/pdf/P2-021.pdf
2014,4,Pool D,24,GER-FRA,08/06/2014,19:10,17:00,1-3,http://www.fivb.org/EN/volleyball/competitions/WorldLeague/2014/viewMatchInfo.asp?Category=2&MatchNo=24&No=46192,http://www.fivb.org/EN/volleyball/competitions/WorldLeague/2014/viewMatchInfo.asp?Category=3&MatchNo=24&No=46193,WL2014-2,http://www.fivb.org/vis_web/volley/WL2014-2/pdf/P3-024.pdf,http://www.fivb.org/vis_web/volley/WL2014-2/pdf/P2-024.pdf
2014,4,Pool D,28,ARG-JPN,08/06/2014,20:02,23:00,3-0,http://www.fivb.org/EN/volleyball/competitions/WorldLeague/2014/viewMatchInfo.asp?Category=2&MatchNo=28&No=46209,http://www.fivb.org/EN/volleyball/competitions/WorldLeague/2014/viewMatchInfo.asp?Category=3&MatchNo=28&No=46211,WL2014-2,http://www.fivb.org/vis_web/volley/WL2014-2/pdf/P3-028.pdf,http://www.fivb.org/vis_web/volley/WL2014-2/pdf/P2-028.pdf
2014,4,Pool D,30,FRA-GER,13/06/2014,20:00,18:00,1-3,http://www.fivb.org/EN/volleyball/competitions/WorldLeague/2014/viewMatchInfo.asp?Category=2&MatchNo=30&No=46496,http://www.fivb.org/EN/volleyball/competitions/WorldLeague/2014/viewMatchInfo.asp?Category=3&MatchNo=30&No=46510,WL2014-2,http://www.fivb.org/vis_web/volley/WL2014-2/pdf/P3-030.pdf,http://www.fivb.org/vis_web/volley/WL2014-2/pdf/P2-030.pdf
2014,4,Pool D,32,JPN-ARG,14/06/2014,14:00,05:00,0-3,http://www.fivb.org/EN/volleyball/competitions/WorldLeague/2014/viewMatchInfo.asp?Category=2&MatchNo=32&No=46521,http://www.fivb.org/EN/volleyball/competitions/WorldLeague/2014/viewMatchInfo.asp?Category=3&MatchNo=32&No=46816,WL2014-2,http://www.fivb.org/vis_web/volley/WL2014-2/pdf/P3-032.pdf,http://www.fivb.org/vis_web/volley/WL2014-2/pdf/P2-032.pdf
2014,4,Pool D,37,JPN-ARG,15/06/2014,13:00,04:00,1-3,http://www.fivb.org/EN/volleyball/competitions/WorldLeague/2014/viewMatchInfo.asp?Category=2&MatchNo=37&No=46551,http://www.fivb.org/EN/volleyball/competitions/WorldLeague/2014/viewMatchInfo.asp?Category=3&MatchNo=37&No=46552,WL2014-2,http://www.fivb.org/vis_web/volley/WL2014-2/pdf/P3-037.pdf,http://www.fivb.org/vis_web/volley/WL2014-2/pdf/P2-037.pdf
2014,4,Pool D,40,FRA-GER,15/06/2014,16:00,14:00,3-0,http://www.fivb.org/EN/volleyball/competitions/WorldLeague/2014/viewMatchInfo.asp?Category=2&MatchNo=40&No=46565,http://www.fivb.org/EN/volleyball/competitions/WorldLeague/2014/viewMatchInfo.asp?Category=3&MatchNo=40&No=46570,WL2014-2,http://www.fivb.org/vis_web/volley/WL2014-2/pdf/P3-040.pdf,http://www.fivb.org/vis_web/volley/WL2014-2/pdf/P2-040.pdf
2014,4,Pool D,42,GER-ARG,20/06/2014,20:00,18:00,0-3,http://www.fivb.org/EN/volleyball/competitions/WorldLeague/2014/viewMatchInfo.asp?Category=2&MatchNo=42&No=46800,http://www.fivb.org/EN/volleyball/competitions/WorldLeague/2014/viewMatchInfo.asp?Category=3&MatchNo=42&No=46808,WL2014-2,http://www.fivb.org/vis_web/volley/WL2014-2/pdf/P3-042.pdf,http://www.fivb.org/vis_web/volley/WL2014-2/pdf/P2-042.pdf
2014,4,Pool D,44,JPN-FRA,21/06/2014,14:00,05:00,0-3,http://www.fivb.org/EN/volleyball/competitions/WorldLeague/2014/viewMatchInfo.asp?Category=2&MatchNo=44&No=46815,http://www.fivb.org/EN/volleyball/competitions/WorldLeague/2014/viewMatchInfo.asp?Category=3&MatchNo=44&No=46816,WL2014-2,http://www.fivb.org/vis_web/volley/WL2014-2/pdf/P3-044.pdf,http://www.fivb.org/vis_web/volley/WL2014-2/pdf/P2-044.pdf
2014,4,Pool D,47,GER-ARG,21/06/2014,18:00,16:00,0-3,http://www.fivb.org/EN/volleyball/competitions/WorldLeague/2014/viewMatchInfo.asp?Category=2&MatchNo=47&No=46829,http://www.fivb.org/EN/volleyball/competitions/WorldLeague/2014/viewMatchInfo.asp?Category=3&MatchNo=47&No=46830,WL2014-2,http://www.fivb.org/vis_web/volley/WL2014-2/pdf/P3-047.pdf,http://www.fivb.org/vis_web/volley/WL2014-2/pdf/P2-047.pdf
2014,4,Pool D,49,JPN-FRA,22/06/2014,13:00,04:00,1-3,http://www.fivb.org/EN/volleyball/competitions/WorldLeague/2014/viewMatchInfo.asp?Category=2&MatchNo=49&No=46835,http://www.fivb.org/EN/volleyball/competitions/WorldLeague/2014/viewMatchInfo.asp?Category=3&MatchNo=49&No=46837,WL2014-2,http://www.fivb.org/vis_web/volley/WL2014-2/pdf/P3-049.pdf,http://www.fivb.org/vis_web/volley/WL2014-2/pdf/P2-049.pdf
2014,4,Pool D,56,FRA-ARG,27/06/2014,20:00,18:00,2-3,http://www.fivb.org/EN/volleyball/competitions/WorldLeague/2014/viewMatchInfo.asp?Category=2&MatchNo=56&No=46936,http://www.fivb.org/EN/volleyball/competitions/WorldLeague/2014/viewMatchInfo.asp?Category=3&MatchNo=56&No=46939,WL2014-2,http://www.fivb.org/vis_web/volley/WL2014-2/pdf/P3-056.pdf,http://www.fivb.org/vis_web/volley/WL2014-2/pdf/P2-056.pdf
2014,4,Pool D,57,JPN-GER,28/06/2014,14:00,05:00,0-3,http://www.fivb.org/EN/volleyball/competitions/WorldLeague/2014/viewMatchInfo.asp?Category=2&MatchNo=57&No=46948,http://www.fivb.org/EN/volleyball/competitions/WorldLeague/2014/viewMatchInfo.asp?Category=3&MatchNo=57&No=46949,WL2014-2,http://www.fivb.org/vis_web/volley/WL2014-2/pdf/P3-057.pdf,http://www.fivb.org/vis_web/volley/WL2014-2/pdf/P2-057.pdf
2014,4,Pool D,62,JPN-GER,29/06/2014,13:00,04:00,3-2,http://www.fivb.org/EN/volleyball/competitions/WorldLeague/2014/viewMatchInfo.asp?Category=2&MatchNo=62&No=46972,http://www.fivb.org/EN/volleyball/competitions/WorldLeague/2014/viewMatchInfo.asp?Category=3&MatchNo=62&No=46973,WL2014-2,http://www.fivb.org/vis_web/volley/WL2014-2/pdf/P3-062.pdf,http://www.fivb.org/vis_web/volley/WL2014-2/pdf/P2-062.pdf
2014,4,Pool D,64,FRA-ARG,29/06/2014,16:00,14:00,3-1,http://www.fivb.org/EN/volleyball/competitions/WorldLeague/2014/viewMatchInfo.asp?Category=2&MatchNo=64&No=46985,http://www.fivb.org/EN/volleyball/competitions/WorldLeague/2014/viewMatchInfo.asp?Category=3&MatchNo=64&No=46988,WL2014-2,http://www.fivb.org/vis_web/volley/WL2014-2/pdf/P3-064.pdf,http://www.fivb.org/vis_web/volley/WL2014-2/pdf/P2-064.pdf
2014,5,Pool E,8,NED-KOR,31/05/2014,15:10,13:00,3-0,http://www.fivb.org/EN/volleyball/competitions/WorldLeague/2014/viewMatchInfo.asp?Category=2&MatchNo=8&No=46019,http://www.fivb.org/EN/volleyball/competitions/WorldLeague/2014/viewMatchInfo.asp?Category=3&MatchNo=8&No=46021,WL2014-2,http://www.fivb.org/vis_web/volley/WL2014-2/pdf/P3-008.pdf,http://www.fivb.org/vis_web/volley/WL2014-2/pdf/P2-008.pdf
2014,5,Pool E,9,POR-CZE,31/05/2014,17:00,16:00,3-1,http://www.fivb.org/EN/volleyball/competitions/WorldLeague/2014/viewMatchInfo.asp?Category=2&MatchNo=9&No=46024,http://www.fivb.org/EN/volleyball/competitions/WorldLeague/2014/viewMatchInfo.asp?Category=3&MatchNo=9&No=46027,WL2014-2,http://www.fivb.org/vis_web/volley/WL2014-2/pdf/P3-009.pdf,http://www.fivb.org/vis_web/volley/WL2014-2/pdf/P2-009.pdf
2014,5,Pool E,12,NED-KOR,01/06/2014,15:10,13:00,1-3,http://www.fivb.org/EN/volleyball/competitions/WorldLeague/2014/viewMatchInfo.asp?Category=2&MatchNo=12&No=46047,http://www.fivb.org/EN/volleyball/competitions/WorldLeague/2014/viewMatchInfo.asp?Category=3&MatchNo=12&No=46049,WL2014-2,http://www.fivb.org/vis_web/volley/WL2014-2/pdf/P3-012.pdf,http://www.fivb.org/vis_web/volley/WL2014-2/pdf/P2-012.pdf
2014,5,Pool E,13,POR-CZE,01/06/2014,17:00,16:00,0-3,http://www.fivb.org/EN/volleyball/competitions/WorldLeague/2014/viewMatchInfo.asp?Category=2&MatchNo=13&No=46052,http://www.fivb.org/EN/volleyball/competitions/WorldLeague/2014/viewMatchInfo.asp?Category=3&MatchNo=13&No=46053,WL2014-2,http://www.fivb.org/vis_web/volley/WL2014-2/pdf/P3-013.pdf,http://www.fivb.org/vis_web/volley/WL2014-2/pdf/P2-013.pdf
2014,5,Pool E,17,CZE-KOR,05/06/2014,15:50,13:50,3-2,http://www.fivb.org/EN/volleyball/competitions/WorldLeague/2014/viewMatchInfo.asp?Category=2&MatchNo=17&No=46117,http://www.fivb.org/EN/volleyball/competitions/WorldLeague/2014/viewMatchInfo.asp?Category=3&MatchNo=17&No=46118,WL2014-2,http://www.fivb.org/vis_web/volley/WL2014-2/pdf/P3-017.pdf,http://www.fivb.org/vis_web/volley/WL2014-2/pdf/P2-017.pdf
2014,5,Pool E,18,CZE-KOR,06/06/2014,15:50,13:50,3-2,http://www.fivb.org/EN/volleyball/competitions/WorldLeague/2014/viewMatchInfo.asp?Category=2&MatchNo=18&No=46125,http://www.fivb.org/EN/volleyball/competitions/WorldLeague/2014/viewMatchInfo.asp?Category=3&MatchNo=18&No=46127,WL2014-2,http://www.fivb.org/vis_web/volley/WL2014-2/pdf/P3-018.pdf,http://www.fivb.org/vis_web/volley/WL2014-2/pdf/P2-018.pdf
2014,5,Pool E,23,NED-POR,07/06/2014,15:00,13:00,3-2,http://www.fivb.org/EN/volleyball/competitions/WorldLeague/2014/viewMatchInfo.asp?Category=2&MatchNo=23&No=46158,http://www.fivb.org/EN/volleyball/competitions/WorldLeague/2014/viewMatchInfo.asp?Category=3&MatchNo=23&No=46161,WL2014-2,http://www.fivb.org/vis_web/volley/WL2014-2/pdf/P3-023.pdf,http://www.fivb.org/vis_web/volley/WL2014-2/pdf/P2-023.pdf
2014,5,Pool E,26,NED-POR,08/06/2014,15:10,13:00,2-3,http://www.fivb.org/EN/volleyball/competitions/WorldLeague/2014/viewMatchInfo.asp?Category=2&MatchNo=26&No=46187,http://www.fivb.org/EN/volleyball/competitions/WorldLeague/2014/viewMatchInfo.asp?Category=3&MatchNo=26&No=46188,WL2014-2,http://www.fivb.org/vis_web/volley/WL2014-2/pdf/P3-026.pdf,http://www.fivb.org/vis_web/volley/WL2014-2/pdf/P2-026.pdf
2014,5,Pool E,29,CZE-NED,13/06/2014,15:50,13:50,2-3,http://www.fivb.org/EN/volleyball/competitions/WorldLeague/2014/viewMatchInfo.asp?Category=2&MatchNo=29&No=46484,http://www.fivb.org/EN/volleyball/competitions/WorldLeague/2014/viewMatchInfo.asp?Category=3&MatchNo=29&No=46486,WL2014-2,http://www.fivb.org/vis_web/volley/WL2014-2/pdf/P3-029.pdf,http://www.fivb.org/vis_web/volley/WL2014-2/pdf/P2-029.pdf
2014,5,Pool E,33,KOR-POR,14/06/2014,14:00,05:00,1-3,http://www.fivb.org/EN/volleyball/competitions/WorldLeague/2014/viewMatchInfo.asp?Category=2&MatchNo=33&No=46525,http://www.fivb.org/EN/volleyball/competitions/WorldLeague/2014/viewMatchInfo.asp?Category=3&MatchNo=33&No=46523,WL2014-2,http://www.fivb.org/vis_web/volley/WL2014-2/pdf/P3-033.pdf,http://www.fivb.org/vis_web/volley/WL2014-2/pdf/P2-033.pdf
2014,5,Pool E,35,CZE-NED,14/06/2014,15:50,13:50,1-3,http://www.fivb.org/EN/volleyball/competitions/WorldLeague/2014/viewMatchInfo.asp?Category=2&MatchNo=35&No=46535,http://www.fivb.org/EN/volleyball/competitions/WorldLeague/2014/viewMatchInfo.asp?Category=3&MatchNo=35&No=46537,WL2014-2,http://www.fivb.org/vis_web/volley/WL2014-2/pdf/P3-035.pdf,http://www.fivb.org/vis_web/volley/WL2014-2/pdf/P2-035.pdf
2014,5,Pool E,38,KOR-POR,15/06/2014,14:00,05:00,0-3,http://www.fivb.org/EN/volleyball/competitions/WorldLeague/2014/viewMatchInfo.asp?Category=2&MatchNo=38&No=46554,http://www.fivb.org/EN/volleyball/competitions/WorldLeague/2014/viewMatchInfo.asp?Category=3&MatchNo=38&No=46553,WL2014-2,http://www.fivb.org/vis_web/volley/WL2014-2/pdf/P3-038.pdf,http://www.fivb.org/vis_web/volley/WL2014-2/pdf/P2-038.pdf
2014,5,Pool E,45,KOR-CZE,21/06/2014,14:02,05:00,2-3,http://www.fivb.org/EN/volleyball/competitions/WorldLeague/2014/viewMatchInfo.asp?Category=2&MatchNo=45&No=46818,http://www.fivb.org/EN/volleyball/competitions/WorldLeague/2014/viewMatchInfo.asp?Category=3&MatchNo=45&No=46817,WL2014-2,http://www.fivb.org/vis_web/volley/WL2014-2/pdf/P3-045.pdf,http://www.fivb.org/vis_web/volley/WL2014-2/pdf/P2-045.pdf
2014,5,Pool E,46,POR-NED,21/06/2014,15:00,14:00,0-3,http://www.fivb.org/EN/volleyball/competitions/WorldLeague/2014/viewMatchInfo.asp?Category=2&MatchNo=46&No=46823,http://www.fivb.org/EN/volleyball/competitions/WorldLeague/2014/viewMatchInfo.asp?Category=3&MatchNo=46&No=46824,WL2014-2,http://www.fivb.org/vis_web/volley/WL2014-2/pdf/P3-046.pdf,http://www.fivb.org/vis_web/volley/WL2014-2/pdf/P2-046.pdf
2014,5,Pool E,50,KOR-CZE,22/06/2014,14:02,05:00,3-0,http://www.fivb.org/EN/volleyball/competitions/WorldLeague/2014/viewMatchInfo.asp?Category=2&MatchNo=50&No=46839,http://www.fivb.org/EN/volleyball/competitions/WorldLeague/2014/viewMatchInfo.asp?Category=3&MatchNo=50&No=46838,WL2014-2,http://www.fivb.org/vis_web/volley/WL2014-2/pdf/P3-050.pdf,http://www.fivb.org/vis_web/volley/WL2014-2/pdf/P2-050.pdf
2014,5,Pool E,52,POR-NED,22/06/2014,15:00,14:00,3-1,http://www.fivb.org/EN/volleyball/competitions/WorldLeague/2014/viewMatchInfo.asp?Category=2&MatchNo=52&No=46842,http://www.fivb.org/EN/volleyball/competitions/WorldLeague/2014/viewMatchInfo.asp?Category=3&MatchNo=52&No=46844,WL2014-2,http://www.fivb.org/vis_web/volley/WL2014-2/pdf/P3-052.pdf,http://www.fivb.org/vis_web/volley/WL2014-2/pdf/P2-052.pdf
2014,5,Pool E,55,CZE-POR,27/06/2014,18:00,15:50,3-2,http://www.fivb.org/EN/volleyball/competitions/WorldLeague/2014/viewMatchInfo.asp?Category=2&MatchNo=55&No=46931,http://www.fivb.org/EN/volleyball/competitions/WorldLeague/2014/viewMatchInfo.asp?Category=3&MatchNo=55&No=46932,WL2014-2,http://www.fivb.org/vis_web/volley/WL2014-2/pdf/P3-055.pdf,http://www.fivb.org/vis_web/volley/WL2014-2/pdf/P2-055.pdf
2014,5,Pool E,60,KOR-NED,28/06/2014,14:00,05:00,2-3,http://www.fivb.org/EN/volleyball/competitions/WorldLeague/2014/viewMatchInfo.asp?Category=2&MatchNo=60&No=46951,http://www.fivb.org/EN/volleyball/competitions/WorldLeague/2014/viewMatchInfo.asp?Category=3&MatchNo=60&No=46950,WL2014-2,http://www.fivb.org/vis_web/volley/WL2014-2/pdf/P3-060.pdf,http://www.fivb.org/vis_web/volley/WL2014-2/pdf/P2-060.pdf
2014,5,Pool E,61,CZE-POR,28/06/2014,16:00,13:50,3-1,http://www.fivb.org/EN/volleyball/competitions/WorldLeague/2014/viewMatchInfo.asp?Category=2&MatchNo=61&No=46964,http://www.fivb.org/EN/volleyball/competitions/WorldLeague/2014/viewMatchInfo.asp?Category=3&MatchNo=61&No=46965,WL2014-2,http://www.fivb.org/vis_web/volley/WL2014-2/pdf/P3-061.pdf,http://www.fivb.org/vis_web/volley/WL2014-2/pdf/P2-061.pdf
2014,5,Pool E,63,KOR-NED,29/06/2014,14:00,05:00,2-3,http://www.fivb.org/EN/volleyball/competitions/WorldLeague/2014/viewMatchInfo.asp?Category=2&MatchNo=63&No=46976,http://www.fivb.org/EN/volleyball/competitions/WorldLeague/2014/viewMatchInfo.asp?Category=3&MatchNo=63&No=46974,WL2014-2,http://www.fivb.org/vis_web/volley/WL2014-2/pdf/P3-063.pdf,http://www.fivb.org/vis_web/volley/WL2014-2/pdf/P2-063.pdf
2014,5,Pool E,68,NED-CZE,05/07/2014,15:10,13:00,3-1,http://www.fivb.org/EN/volleyball/competitions/WorldLeague/2014/viewMatchInfo.asp?Category=2&MatchNo=68&No=47086,http://www.fivb.org/EN/volleyball/competitions/WorldLeague/2014/viewMatchInfo.asp?Category=3&MatchNo=68&No=47087,WL2014-2,http://www.fivb.org/vis_web/volley/WL2014-2/pdf/P3-068.pdf,http://www.fivb.org/vis_web/volley/WL2014-2/pdf/P2-068.pdf
2014,5,Pool E,69,POR-KOR,05/07/2014,19:00,18:00,3-0,http://www.fivb.org/EN/volleyball/competitions/WorldLeague/2014/viewMatchInfo.asp?Category=2&MatchNo=69&No=47091,http://www.fivb.org/EN/volleyball/competitions/WorldLeague/2014/viewMatchInfo.asp?Category=3&MatchNo=69&No=47095,WL2014-2,http://www.fivb.org/vis_web/volley/WL2014-2/pdf/P3-069.pdf,http://www.fivb.org/vis_web/volley/WL2014-2/pdf/P2-069.pdf
2014,5,Pool E,71,NED-CZE,06/07/2014,15:00,13:00,3-0,http://www.fivb.org/EN/volleyball/competitions/WorldLeague/2014/viewMatchInfo.asp?Category=2&MatchNo=71&No=47106,http://www.fivb.org/EN/volleyball/competitions/WorldLeague/2014/viewMatchInfo.asp?Category=3&MatchNo=71&No=47107,WL2014-2,http://www.fivb.org/vis_web/volley/WL2014-2/pdf/P3-071.pdf,http://www.fivb.org/vis_web/volley/WL2014-2/pdf/P2-071.pdf
2014,5,Pool E,72,POR-KOR,06/07/2014,17:00,16:00,1-3,http://www.fivb.org/EN/volleyball/competitions/WorldLeague/2014/viewMatchInfo.asp?Category=2&MatchNo=72&No=47111,http://www.fivb.org/EN/volleyball/competitions/WorldLeague/2014/viewMatchInfo.asp?Category=3&MatchNo=72&No=47113,WL2014-2,http://www.fivb.org/vis_web/volley/WL2014-2/pdf/P3-072.pdf,http://www.fivb.org/vis_web/volley/WL2014-2/pdf/P2-072.pdf
2014,6,Pool F,2,TUR-CUB,06/06/2014,17:00,22:00,1-3,http://www.fivb.org/EN/volleyball/competitions/WorldLeague/2014/viewMatchInfo.asp?Category=2&MatchNo=2&No=46139,http://www.fivb.org/EN/volleyball/competitions/WorldLeague/2014/viewMatchInfo.asp?Category=3&MatchNo=2&No=46145,WL2014-3,http://www.fivb.org/vis_web/volley/WL2014-3/pdf/P3-002.pdf,http://www.fivb.org/vis_web/volley/WL2014-3/pdf/P2-002.pdf
2014,6,Pool F,4,MEX-TUN,06/06/2014,19:51,00:30,3-0,http://www.fivb.org/EN/volleyball/competitions/WorldLeague/2014/viewMatchInfo.asp?Category=2&MatchNo=4&No=46149,http://www.fivb.org/EN/volleyball/competitions/WorldLeague/2014/viewMatchInfo.asp?Category=3&MatchNo=4&No=46150,WL2014-3,http://www.fivb.org/vis_web/volley/WL2014-3/pdf/P3-004.pdf,http://www.fivb.org/vis_web/volley/WL2014-3/pdf/P2-004.pdf
2014,6,Pool F,5,TUN-CUB,07/06/2014,15:30,20:30,1-3,http://www.fivb.org/EN/volleyball/competitions/WorldLeague/2014/viewMatchInfo.asp?Category=2&MatchNo=5&No=46534,http://www.fivb.org/EN/volleyball/competitions/WorldLeague/2014/viewMatchInfo.asp?Category=3&MatchNo=5&No=46174,WL2014-3,http://www.fivb.org/vis_web/volley/WL2014-3/pdf/P3-005.pdf,http://www.fivb.org/vis_web/volley/WL2014-3/pdf/P2-005.pdf
2014,6,Pool F,7,MEX-TUR,07/06/2014,18:00,23:00,3-2,http://www.fivb.org/EN/volleyball/competitions/WorldLeague/2014/viewMatchInfo.asp?Category=2&MatchNo=7&No=46179,http://www.fivb.org/EN/volleyball/competitions/WorldLeague/2014/viewMatchInfo.asp?Category=3&MatchNo=7&No=46181,WL2014-3,http://www.fivb.org/vis_web/volley/WL2014-3/pdf/P3-007.pdf,http://www.fivb.org/vis_web/volley/WL2014-3/pdf/P2-007.pdf
2014,6,Pool F,9,TUR-TUN,08/06/2014,14:00,19:00,3-1,http://www.fivb.org/EN/volleyball/competitions/WorldLeague/2014/viewMatchInfo.asp?Category=2&MatchNo=9&No=46197,http://www.fivb.org/EN/volleyball/competitions/WorldLeague/2014/viewMatchInfo.asp?Category=3&MatchNo=9&No=46200,WL2014-3,http://www.fivb.org/vis_web/volley/WL2014-3/pdf/P3-009.pdf,http://www.fivb.org/vis_web/volley/WL2014-3/pdf/P2-009.pdf
2014,6,Pool F,11,MEX-CUB,08/06/2014,16:30,21:30,0-3,http://www.fivb.org/EN/volleyball/competitions/WorldLeague/2014/viewMatchInfo.asp?Category=2&MatchNo=11&No=46205,http://www.fivb.org/EN/volleyball/competitions/WorldLeague/2014/viewMatchInfo.asp?Category=3&MatchNo=11&No=46207,WL2014-3,http://www.fivb.org/vis_web/volley/WL2014-3/pdf/P3-011.pdf,http://www.fivb.org/vis_web/volley/WL2014-3/pdf/P2-011.pdf
2014,6,Pool F,13,TUN-TUR,13/06/2014,15:00,14:00,1-3,http://www.fivb.org/EN/volleyball/competitions/WorldLeague/2014/viewMatchInfo.asp?Category=2&MatchNo=13&No=46491,http://www.fivb.org/EN/volleyball/competitions/WorldLeague/2014/viewMatchInfo.asp?Category=3&MatchNo=13&No=46502,WL2014-3,http://www.fivb.org/vis_web/volley/WL2014-3/pdf/P3-013.pdf,http://www.fivb.org/vis_web/volley/WL2014-3/pdf/P2-013.pdf
2014,6,Pool F,15,MEX-CUB,13/06/2014,17:30,16:30,0-3,http://www.fivb.org/EN/volleyball/competitions/WorldLeague/2014/viewMatchInfo.asp?Category=2&MatchNo=15&No=46508,http://www.fivb.org/EN/volleyball/competitions/WorldLeague/2014/viewMatchInfo.asp?Category=3&MatchNo=15&No=46512,WL2014-3,http://www.fivb.org/vis_web/volley/WL2014-3/pdf/P3-015.pdf,http://www.fivb.org/vis_web/volley/WL2014-3/pdf/P2-015.pdf
2014,6,Pool F,18,TUN-CUB,14/06/2014,15:00,14:00,0-3,http://www.fivb.org/EN/volleyball/competitions/WorldLeague/2014/viewMatchInfo.asp?Category=2&MatchNo=18&No=46534,http://www.fivb.org/EN/volleyball/competitions/WorldLeague/2014/viewMatchInfo.asp?Category=3&MatchNo=18&No=46536,WL2014-3,http://www.fivb.org/vis_web/volley/WL2014-3/pdf/P3-018.pdf,http://www.fivb.org/vis_web/volley/WL2014-3/pdf/P2-018.pdf
2014,6,Pool F,20,MEX-TUR,14/06/2014,17:30,16:30,0-3,http://www.fivb.org/EN/volleyball/competitions/WorldLeague/2014/viewMatchInfo.asp?Category=2&MatchNo=20&No=46542,http://www.fivb.org/EN/volleyball/competitions/WorldLeague/2014/viewMatchInfo.asp?Category=3&MatchNo=20&No=46544,WL2014-3,http://www.fivb.org/vis_web/volley/WL2014-3/pdf/P3-020.pdf,http://www.fivb.org/vis_web/volley/WL2014-3/pdf/P2-020.pdf
2014,6,Pool F,22,TUR-CUB,15/06/2014,15:00,14:00,3-1,http://www.fivb.org/EN/volleyball/competitions/WorldLeague/2014/viewMatchInfo.asp?Category=2&MatchNo=22&No=46569,http://www.fivb.org/EN/volleyball/competitions/WorldLeague/2014/viewMatchInfo.asp?Category=3&MatchNo=22&No=46571,WL2014-3,http://www.fivb.org/vis_web/volley/WL2014-3/pdf/P3-022.pdf,http://www.fivb.org/vis_web/volley/WL2014-3/pdf/P2-022.pdf
2014,6,Pool F,24,TUN-MEX,15/06/2014,17:43,16:30,3-2,http://www.fivb.org/EN/volleyball/competitions/WorldLeague/2014/viewMatchInfo.asp?Category=2&MatchNo=24&No=46580,http://www.fivb.org/EN/volleyball/competitions/WorldLeague/2014/viewMatchInfo.asp?Category=3&MatchNo=24&No=46586,WL2014-3,http://www.fivb.org/vis_web/volley/WL2014-3/pdf/P3-024.pdf,http://www.fivb.org/vis_web/volley/WL2014-3/pdf/P2-024.pdf
2014,7,Pool G,1,SVK-ESP,06/06/2014,17:14,21:00,3-1,http://www.fivb.org/EN/volleyball/competitions/WorldLeague/2014/viewMatchInfo.asp?Category=2&MatchNo=1&No=46137,http://www.fivb.org/EN/volleyball/competitions/WorldLeague/2014/viewMatchInfo.asp?Category=3&MatchNo=1&No=46572,WL2014-3,http://www.fivb.org/vis_web/volley/WL2014-3/pdf/P3-001.pdf,http://www.fivb.org/vis_web/volley/WL2014-3/pdf/P2-001.pdf
2014,7,Pool G,3,PUR-CHN,06/06/2014,20:13,00:00,0-3,http://www.fivb.org/EN/volleyball/competitions/WorldLeague/2014/viewMatchInfo.asp?Category=2&MatchNo=3&No=46141,http://www.fivb.org/EN/volleyball/competitions/WorldLeague/2014/viewMatchInfo.asp?Category=3&MatchNo=3&No=46143,WL2014-3,http://www.fivb.org/vis_web/volley/WL2014-3/pdf/P3-003.pdf,http://www.fivb.org/vis_web/volley/WL2014-3/pdf/P2-003.pdf
2014,7,Pool G,6,ESP-CHN,07/06/2014,17:11,21:00,0-3,http://www.fivb.org/EN/volleyball/competitions/WorldLeague/2014/viewMatchInfo.asp?Category=2&MatchNo=6&No=46171,http://www.fivb.org/EN/volleyball/competitions/WorldLeague/2014/viewMatchInfo.asp?Category=3&MatchNo=6&No=46175,WL2014-3,http://www.fivb.org/vis_web/volley/WL2014-3/pdf/P3-006.pdf,http://www.fivb.org/vis_web/volley/WL2014-3/pdf/P2-006.pdf
2014,7,Pool G,8,PUR-SVK,07/06/2014,20:12,00:00,3-2,http://www.fivb.org/EN/volleyball/competitions/WorldLeague/2014/viewMatchInfo.asp?Category=2&MatchNo=8&No=46177,http://www.fivb.org/EN/volleyball/competitions/WorldLeague/2014/viewMatchInfo.asp?Category=3&MatchNo=8&No=46180,WL2014-3,http://www.fivb.org/vis_web/volley/WL2014-3/pdf/P3-008.pdf,http://www.fivb.org/vis_web/volley/WL2014-3/pdf/P2-008.pdf
2014,7,Pool G,10,CHN-SVK,08/06/2014,17:11,21:00,3-1,http://www.fivb.org/EN/volleyball/competitions/WorldLeague/2014/viewMatchInfo.asp?Category=2&MatchNo=10&No=46206,http://www.fivb.org/EN/volleyball/competitions/WorldLeague/2014/viewMatchInfo.asp?Category=3&MatchNo=10&No=46531,WL2014-3,http://www.fivb.org/vis_web/volley/WL2014-3/pdf/P3-010.pdf,http://www.fivb.org/vis_web/volley/WL2014-3/pdf/P2-010.pdf
2014,7,Pool G,12,PUR-ESP,08/06/2014,20:10,00:00,2-3,http://www.fivb.org/EN/volleyball/competitions/WorldLeague/2014/viewMatchInfo.asp?Category=2&MatchNo=12&No=46213,http://www.fivb.org/EN/volleyball/competitions/WorldLeague/2014/viewMatchInfo.asp?Category=3&MatchNo=12&No=46214,WL2014-3,http://www.fivb.org/vis_web/volley/WL2014-3/pdf/P3-012.pdf,http://www.fivb.org/vis_web/volley/WL2014-3/pdf/P2-012.pdf
2014,7,Pool G,14,SVK-PUR,13/06/2014,17:30,15:30,3-1,http://www.fivb.org/EN/volleyball/competitions/WorldLeague/2014/viewMatchInfo.asp?Category=2&MatchNo=14&No=46487,http://www.fivb.org/EN/volleyball/competitions/WorldLeague/2014/viewMatchInfo.asp?Category=3&MatchNo=14&No=46495,WL2014-3,http://www.fivb.org/vis_web/volley/WL2014-3/pdf/P3-014.pdf,http://www.fivb.org/vis_web/volley/WL2014-3/pdf/P2-014.pdf
2014,7,Pool G,16,CHN-ESP,13/06/2014,20:30,18:30,3-2,http://www.fivb.org/EN/volleyball/competitions/WorldLeague/2014/viewMatchInfo.asp?Category=2&MatchNo=16&No=46503,http://www.fivb.org/EN/volleyball/competitions/WorldLeague/2014/viewMatchInfo.asp?Category=3&MatchNo=16&No=46511,WL2014-3,http://www.fivb.org/vis_web/volley/WL2014-3/pdf/P3-016.pdf,http://www.fivb.org/vis_web/volley/WL2014-3/pdf/P2-016.pdf
2014,7,Pool G,17,CHN-SVK,14/06/2014,15:00,13:00,0-3,http://www.fivb.org/EN/volleyball/competitions/WorldLeague/2014/viewMatchInfo.asp?Category=2&MatchNo=17&No=46527,http://www.fivb.org/EN/volleyball/competitions/WorldLeague/2014/viewMatchInfo.asp?Category=3&MatchNo=17&No=46531,WL2014-3,http://www.fivb.org/vis_web/volley/WL2014-3/pdf/P3-017.pdf,http://www.fivb.org/vis_web/volley/WL2014-3/pdf/P2-017.pdf
2014,7,Pool G,19,ESP-PUR,14/06/2014,00:00,16:00,2-3,http://www.fivb.org/EN/volleyball/competitions/WorldLeague/2014/viewMatchInfo.asp?Category=2&MatchNo=19&No=46543,http://www.fivb.org/EN/volleyball/competitions/WorldLeague/2014/viewMatchInfo.asp?Category=3&MatchNo=19&No=46545,WL2014-3,http://www.fivb.org/vis_web/volley/WL2014-3/pdf/P3-019.pdf,http://www.fivb.org/vis_web/volley/WL2014-3/pdf/P2-019.pdf
2014,7,Pool G,21,ESP-SVK,15/06/2014,00:00,13:00,3-2,http://www.fivb.org/EN/volleyball/competitions/WorldLeague/2014/viewMatchInfo.asp?Category=2&MatchNo=21&No=46564,http://www.fivb.org/EN/volleyball/competitions/WorldLeague/2014/viewMatchInfo.asp?Category=3&MatchNo=21&No=46572,WL2014-3,http://www.fivb.org/vis_web/volley/WL2014-3/pdf/P3-021.pdf,http://www.fivb.org/vis_web/volley/WL2014-3/pdf/P2-021.pdf
2014,7,Pool G,23,PUR-CHN,15/06/2014,18:00,16:00,0-3,http://www.fivb.org/EN/volleyball/competitions/WorldLeague/2014/viewMatchInfo.asp?Category=2&MatchNo=23&No=46575,http://www.fivb.org/EN/volleyball/competitions/WorldLeague/2014/viewMatchInfo.asp?Category=3&MatchNo=23&No=46579,WL2014-3,http://www.fivb.org/vis_web/volley/WL2014-3/pdf/P3-023.pdf,http://www.fivb.org/vis_web/volley/WL2014-3/pdf/P2-023.pdf
2014,8,Pool H - Final round,50,ITA-USA,16/07/2014,20:45,18:30,3-0,http://www.fivb.org/EN/volleyball/competitions/WorldLeague/2014/viewMatchInfo.asp?Category=2&MatchNo=50&No=47271,http://www.fivb.org/EN/volleyball/competitions/WorldLeague/2014/viewMatchInfo.asp?Category=3&MatchNo=50&No=47272,WL2014-1,http://www.fivb.org/vis_web/volley/WL2014-1/pdf/P3-050.pdf,http://www.fivb.org/vis_web/volley/WL2014-1/pdf/P2-050.pdf
2014,8,Pool H - Final round,52,USA-AUS,17/07/2014,20:30,18:30,3-1,http://www.fivb.org/EN/volleyball/competitions/WorldLeague/2014/viewMatchInfo.asp?Category=2&MatchNo=52&No=47295,http://www.fivb.org/EN/volleyball/competitions/WorldLeague/2014/viewMatchInfo.asp?Category=3&MatchNo=52&No=47296,WL2014-1,http://www.fivb.org/vis_web/volley/WL2014-1/pdf/P3-052.pdf,http://www.fivb.org/vis_web/volley/WL2014-1/pdf/P2-052.pdf
2014,8,Pool H - Final round,54,AUS-ITA,18/07/2014,20:30,18:30,0-3,http://www.fivb.org/EN/volleyball/competitions/WorldLeague/2014/viewMatchInfo.asp?Category=2&MatchNo=54&No=47324,http://www.fivb.org/EN/volleyball/competitions/WorldLeague/2014/viewMatchInfo.asp?Category=3&MatchNo=54&No=47325,WL2014-1,http://www.fivb.org/vis_web/volley/WL2014-1/pdf/P3-054.pdf,http://www.fivb.org/vis_web/volley/WL2014-1/pdf/P2-054.pdf
2014,9,Pool I - Final round,49,IRI-RUS,16/07/2014,17:30,15:30,2-3,http://www.fivb.org/EN/volleyball/competitions/WorldLeague/2014/viewMatchInfo.asp?Category=2&MatchNo=49&No=47260,http://www.fivb.org/EN/volleyball/competitions/WorldLeague/2014/viewMatchInfo.asp?Category=3&MatchNo=49&No=47259,WL2014-1,http://www.fivb.org/vis_web/volley/WL2014-1/pdf/P3-049.pdf,http://www.fivb.org/vis_web/volley/WL2014-1/pdf/P2-049.pdf
2014,9,Pool I - Final round,51,RUS-BRA,17/07/2014,17:30,15:30,1-3,http://www.fivb.org/EN/volleyball/competitions/WorldLeague/2014/viewMatchInfo.asp?Category=2&MatchNo=51&No=47289,http://www.fivb.org/EN/volleyball/competitions/WorldLeague/2014/viewMatchInfo.asp?Category=3&MatchNo=51&No=47290,WL2014-1,http://www.fivb.org/vis_web/volley/WL2014-1/pdf/P3-051.pdf,http://www.fivb.org/vis_web/volley/WL2014-1/pdf/P2-051.pdf
2014,9,Pool I - Final round,53,BRA-IRI,18/07/2014,17:30,15:30,1-3,http://www.fivb.org/EN/volleyball/competitions/WorldLeague/2014/viewMatchInfo.asp?Category=2&MatchNo=53&No=47319,http://www.fivb.org/EN/volleyball/competitions/WorldLeague/2014/viewMatchInfo.asp?Category=3&MatchNo=53&No=47320,WL2014-1,http://www.fivb.org/vis_web/volley/WL2014-1/pdf/P3-053.pdf,http://www.fivb.org/vis_web/volley/WL2014-1/pdf/P2-053.pdf
2014,10,Semifinals - Group 1,55,IRI-USA,19/07/2014,17:30,15:30,0-3,http://www.fivb.org/EN/volleyball/competitions/WorldLeague/2014/viewMatchInfo.asp?Category=2&MatchNo=55&No=47346,http://www.fivb.org/EN/volleyball/competitions/WorldLeague/2014/viewMatchInfo.asp?Category=3&MatchNo=55&No=47347,WL2014-1,http://www.fivb.org/vis_web/volley/WL2014-1/pdf/P3-055.pdf,http://www.fivb.org/vis_web/volley/WL2014-1/pdf/P2-055.pdf
2014,10,Semifinals - Group 1,56,ITA-BRA,19/07/2014,20:30,18:30,0-3,http://www.fivb.org/EN/volleyball/competitions/WorldLeague/2014/viewMatchInfo.asp?Category=2&MatchNo=56&No=47353,http://www.fivb.org/EN/volleyball/competitions/WorldLeague/2014/viewMatchInfo.asp?Category=3&MatchNo=56&No=47354,WL2014-1,http://www.fivb.org/vis_web/volley/WL2014-1/pdf/P3-056.pdf,http://www.fivb.org/vis_web/volley/WL2014-1/pdf/P2-056.pdf
2014,11,Finals - Group 1,57,IRI-ITA,20/07/2014,17:30,15:30,0-3,http://www.fivb.org/EN/volleyball/competitions/WorldLeague/2014/viewMatchInfo.asp?Category=2&MatchNo=57&No=47368,http://www.fivb.org/EN/volleyball/competitions/WorldLeague/2014/viewMatchInfo.asp?Category=3&MatchNo=57&No=47367,WL2014-1,http://www.fivb.org/vis_web/volley/WL2014-1/pdf/P3-057.pdf,http://www.fivb.org/vis_web/volley/WL2014-1/pdf/P2-057.pdf
2014,11,Finals - Group 1,58,USA-BRA,20/07/2014,20:30,18:30,3-1,http://www.fivb.org/EN/volleyball/competitions/WorldLeague/2014/viewMatchInfo.asp?Category=2&MatchNo=58&No=47371,http://www.fivb.org/EN/volleyball/competitions/WorldLeague/2014/viewMatchInfo.asp?Category=3&MatchNo=58&No=47372,WL2014-1,http://www.fivb.org/vis_web/volley/WL2014-1/pdf/P3-058.pdf,http://www.fivb.org/vis_web/volley/WL2014-1/pdf/P2-058.pdf
2014,12,Semifinals - Group 2,73,BEL-FRA,11/07/2014,17:40,07:40,0-3,http://www.fivb.org/EN/volleyball/competitions/WorldLeague/2014/viewMatchInfo.asp?Category=2&MatchNo=73&No=47153,http://www.fivb.org/EN/volleyball/competitions/WorldLeague/2014/viewMatchInfo.asp?Category=3&MatchNo=73&No=47155,WL2014-2,http://www.fivb.org/vis_web/volley/WL2014-2/pdf/P3-073.pdf,http://www.fivb.org/vis_web/volley/WL2014-2/pdf/P2-073.pdf
2014,12,Semifinals - Group 2,74,AUS-NED,11/07/2014,20:10,10:10,3-0,http://www.fivb.org/EN/volleyball/competitions/WorldLeague/2014/viewMatchInfo.asp?Category=2&MatchNo=74&No=47158,http://www.fivb.org/EN/volleyball/competitions/WorldLeague/2014/viewMatchInfo.asp?Category=3&MatchNo=74&No=47159,WL2014-2,http://www.fivb.org/vis_web/volley/WL2014-2/pdf/P3-074.pdf,http://www.fivb.org/vis_web/volley/WL2014-2/pdf/P2-074.pdf
2014,13,Finals - Group 2,75,BEL-NED,12/07/2014,17:40,07:40,3-0,http://www.fivb.org/EN/volleyball/competitions/WorldLeague/2014/viewMatchInfo.asp?Category=2&MatchNo=75&No=47167,http://www.fivb.org/EN/volleyball/competitions/WorldLeague/2014/viewMatchInfo.asp?Category=3&MatchNo=75&No=47168,WL2014-2,http://www.fivb.org/vis_web/volley/WL2014-2/pdf/P3-075.pdf,http://www.fivb.org/vis_web/volley/WL2014-2/pdf/P2-075.pdf
2014,13,Finals - Group 2,76,FRA-AUS,12/07/2014,20:10,10:10,2-3,http://www.fivb.org/EN/volleyball/competitions/WorldLeague/2014/viewMatchInfo.asp?Category=2&MatchNo=76&No=47170,http://www.fivb.org/EN/volleyball/competitions/WorldLeague/2014/viewMatchInfo.asp?Category=3&MatchNo=76&No=47171,WL2014-2,http://www.fivb.org/vis_web/volley/WL2014-2/pdf/P3-076.pdf,http://www.fivb.org/vis_web/volley/WL2014-2/pdf/P2-076.pdf
2014,14,Semifinals - Group 3,25,CUB-CHN,28/06/2014,14:00,11:00,3-2,http://www.fivb.org/EN/volleyball/competitions/WorldLeague/2014/viewMatchInfo.asp?Category=2&MatchNo=25&No=46955,http://www.fivb.org/EN/volleyball/competitions/WorldLeague/2014/viewMatchInfo.asp?Category=3&MatchNo=25&No=46957,WL2014-3,http://www.fivb.org/vis_web/volley/WL2014-3/pdf/P3-025.pdf,http://www.fivb.org/vis_web/volley/WL2014-3/pdf/P2-025.pdf
2014,14,Semifinals - Group 3,26,TUR-SVK,28/06/2014,17:05,14:00,3-0,http://www.fivb.org/EN/volleyball/competitions/WorldLeague/2014/viewMatchInfo.asp?Category=2&MatchNo=26&No=46961,http://www.fivb.org/EN/volleyball/competitions/WorldLeague/2014/viewMatchInfo.asp?Category=3&MatchNo=26&No=46962,WL2014-3,http://www.fivb.org/vis_web/volley/WL2014-3/pdf/P3-026.pdf,http://www.fivb.org/vis_web/volley/WL2014-3/pdf/P2-026.pdf
2014,15,Finals - Group 3,27,CHN-SVK,29/06/2014,14:00,11:00,3-1,http://www.fivb.org/EN/volleyball/competitions/WorldLeague/2014/viewMatchInfo.asp?Category=2&MatchNo=27&No=46982,http://www.fivb.org/EN/volleyball/competitions/WorldLeague/2014/viewMatchInfo.asp?Category=3&MatchNo=27&No=46983,WL2014-3,http://www.fivb.org/vis_web/volley/WL2014-3/pdf/P3-027.pdf,http://www.fivb.org/vis_web/volley/WL2014-3/pdf/P2-027.pdf
2014,15,Finals - Group 3,28,TUR-CUB,29/06/2014,17:00,14:00,2-3,http://www.fivb.org/EN/volleyball/competitions/WorldLeague/2014/viewMatchInfo.asp?Category=2&MatchNo=28&No=46989,http://www.fivb.org/EN/volleyball/competitions/WorldLeague/2014/viewMatchInfo.asp?Category=3&MatchNo=28&No=46990,WL2014-3,http://www.fivb.org/vis_web/volley/WL2014-3/pdf/P3-028.pdf,http://www.fivb.org/vis_web/volley/WL2014-3/pdf/P2-028.pdf
